{
  "posts": [
    {
      "city_id": "ascension_island",
      "posted_at": "2026-01-29T08:52:01.634179+00:00"
    },
    {
      "city_id": "papua_new_guinea",
      "posted_at": "2026-01-29T13:13:09.077687+00:00"
    },
    {
      "city_id": "svalbard",
      "posted_at": "2026-01-29T16:53:28.815099+00:00"
    },
    {
      "city_id": "barbados",
      "posted_at": "2026-01-29T20:39:18.916396+00:00"
    },
    {
      "city_id": "fiji",
      "posted_at": "2026-01-30T02:37:00.190125+00:00"
    },
    {
      "city_id": "mallorca",
      "posted_at": "2026-01-30T05:13:11.533490+00:00"
    },
    {
      "city_id": "nauru",
      "posted_at": "2026-01-30T08:51:19.048953+00:00"
    }
  ]
}